id;previous_register;kor_name;eng_name;birthday;gender;first_street;second_street;city;province;postal_code;cell_phone;residential_phone;email_address;profession;company_name;first_licenseplate;second_licenseplate;immigration_status;baptism_type;baptism_year;baptism_church;duty_status;prev_church;instructor;volunteer
1;mobile Fish;Home Loan Account Table Computer;Trace;2019-07-27;Other;Producer;Implementation Electronics Officer;Elliottstad;Nunavut;Investment Account Steel;Coordinator;Common;Savings Account syndicate Planner;Refined Rubber Chicken Table;Automotive;Planner cross-platform access;Public-key;PermanentResidence;Confirmation;Games Regional Digitized;copy convergence;PasterWife;Industrial;connect Markets Chief;Choir
2;sky blue Tasty Plastic Pizza;compress South Georgia and the South Sandwich Islands;compelling mission-critical;2019-07-27;Male;Car Industrial deliverables;orange Books;Dooleychester;NorthwestTerritories;Internal;Investment Account archive Fantastic Plastic Chicken;payment;withdrawal COM;embrace Developer;synthesize Idaho compress;Sleek Metal Table Small;Intelligent Outdoors;Citizen;None;white Brand Money Market Account;Salad Web virtual;Elder;maroon;EXE projection Fresh;KoreanMissionaryTeacher
3;withdrawal;copying;ability Hat Iraq;2019-07-27;Male;24/7;Gloves sky blue Oklahoma;West Aniyah;NorthwestTerritories;capability zero tolerance Computers;Analyst paradigms;encompassing;deposit Canadian Dollar Lebanon;Designer Persistent;Handmade 24/7 Re-contextualized;web-enabled invoice withdrawal;bypassing optical;PermanentResidence;InfantBaptism;Kentucky Algerian Dinar Clothing;open-source turn-key;OrdainedDeacon;disintermediate Cambridgeshire hacking;bricks-and-clicks Concrete Global;Parking
4;Macao Equatorial Guinea Vision-oriented;Agent;Human deposit;2019-07-27;Female;programming SCSI drive;invoice Unbranded Cheese;Ortizstad;Saskatchewan;Supervisor clear-thinking;Latvia;Ports Manager Fish;Networked;Fish;payment calculating;local area network Benin;turn-key dedicated;Citizen;InfantBaptism;dot-com payment Libyan Dinar;white sensor local;PasterWife;Chips;Villages uniform PCI;FrontDesk
5;Wisconsin Facilitator Incredible;reinvent;eco-centric Bedfordshire mesh;2019-07-27;Male;Director Concrete Bedfordshire;portal calculating Metal;Floymouth;Nunavut;open-source HDD;Sleek Beauty Auto Loan Account;deposit;extend Unbranded Fresh Pants Tools;Practical North Dakota;implementation;Wallis and Futuna;generating;StudyPermit;Confirmation;compress lavender Investment Account;backing up;OrdainedDeacon;Philippine Peso Metal;Strategist;Administration
6;mindshare Gorgeous;Chips;navigating;2019-07-27;Other;Optimized;microchip;Tracyburgh;Nunavut;e-markets system;Organic;Cheese Steel;Wooden Ergonomic Steel Gloves;Developer Shoes Music;Buckinghamshire Hollow Shoes;withdrawal Generic Frozen Tuna;Gorgeous Cotton Chair Personal Loan Account Borders;PermanentResidence;Confirmation;multi-byte Jamaican Dollar North Carolina;Station;Deacon;Branding Dynamic black;yellow;Design
7;robust withdrawal generate;Garden open-source hybrid;Solomon Islands Dollar;2019-07-27;Female;intermediate Table quantify;Wyoming interface Cotton;Lake Kraig;Quebec;bandwidth;application Configurable iterate;Berkshire navigating;superstructure;streamline;Interactions;Fantastic time-frame Quality;Borders Borders Practical;PermanentResidence;Confirmation;parse;neural Wooden Optimization;InternPastor;bandwidth Liaison;program Auto Loan Account Refined;FacilityManeger
8;Fantastic Fresh Salad;Steel Avon Visionary;exploit transition;2019-07-27;Male;Pennsylvania dynamic bandwidth;navigate Oklahoma;East Suzanne;Alberta;Advanced grow;Handmade Wooden Cheese Fresh;input Naira;Markets;Glen Refined;Mandatory Assistant;Strategist;Incredible Fresh Car Tuvalu;PermanentResidence;InfantBaptism;magenta heuristic;Credit Card Account Maryland Legacy;Deacon;Brand Regional Court;B2B Mouse;IT
9;analyzing holistic;Architect;Beauty dynamic schemas;2019-07-27;Female;Group hard drive Personal Loan Account;Unbranded SCSI;Alveraville;BritishColumbia;online Strategist Shirt;navigate redefine;generating bypassing Bypass;Plastic Movies;SMS;Zimbabwe parse Customer;input Accounts;enhance Multi-channelled purple;WorkingHoliday;InfantBaptism;Checking Account global Steel;Borders Springs connecting;None;Planner Refined;engage Granite Grocery;IT
10;Rubber Industrial seamless;withdrawal Jamaica;International;2019-07-27;Female;middleware Switzerland;Data Granite Configuration;Lake Destin;Alberta;Investment Account frictionless orchid;Future-proofed Awesome;Creek;Shirt Metal;Mouse Rupiah;Human Mission;Officer Savings Account Automated;Pants even-keeled Chair;WorkingHoliday;Baptism;Granite open architecture;Ergonomic Soft Shoes;PasterWife;Regional;Home;FrontDesk
